{"timestamp": "2025-07-09 07:52:03.871949", "type": "test_data", "window": null, "source": "polygon", "mean": -0.09795591079550828, "std": 0.9770492687086519, "skew": 0.3378701567401425, "kurtosis": 0.22960895902135725, "min": -2.712056016743163, "max": 2.5098908360841525, "median": -0.1716162389026165, "q25": -0.7624101462164861, "q75": 0.5188541301541221, "iqr": 1.2812642763706081, "record_count": 100, "missing_values": 0, "infinite_values": 0, "unique_values": 100, "zero_values": 0, "quality_score": 0.9368641726855995, "completeness": 1.0, "validity": 1.0}