{"mean": 0.028820062980254336, "std": 0.9911742885728791, "skew": -0.2606853494783639, "kurtosis": 2.972144528376134}