{
  "timestamp": "2025-06-01T22:35:12.945863",
  "optimization_matrix": {
    "bull_strong": {
      "consolidation_breakout": {
        "stop": -0.096,
        "target": 0.36400000000000005,
        "hold": 56,
        "position_size": 1.2
      },
      "technical_setup": {
        "stop": -0.07200000000000001,
        "target": 0.34125000000000005,
        "hold": 49,
        "position_size": 1.2
      },
      "momentum_continuation": {
        "stop": -0.13520000000000001,
        "target": 0.40950000000000003,
        "hold": 55,
        "position_size": 1.2
      },
      "timeframe_optimized": {
        "stop": -0.08960000000000003,
        "target": 0.5720000000000001,
        "hold": 91,
        "position_size": 1.2
      }
    },
    "bull_weak": {
      "consolidation_breakout": {
        "stop": -0.108,
        "target": 0.30800000000000005,
        "hold": 44,
        "position_size": 1.0
      },
      "technical_setup": {
        "stop": -0.08100000000000002,
        "target": 0.28875000000000006,
        "hold": 38,
        "position_size": 1.0
      },
      "momentum_continuation": {
        "stop": -0.1521,
        "target": 0.34650000000000003,
        "hold": 44,
        "position_size": 1.0
      },
      "timeframe_optimized": {
        "stop": -0.10080000000000001,
        "target": 0.4840000000000001,
        "hold": 71,
        "position_size": 1.0
      }
    },
    "neutral_stable": {
      "consolidation_breakout": {
        "stop": -0.12,
        "target": 0.28,
        "hold": 40,
        "position_size": 1.0
      },
      "technical_setup": {
        "stop": -0.09000000000000001,
        "target": 0.2625,
        "hold": 35,
        "position_size": 1.0
      },
      "momentum_continuation": {
        "stop": -0.169,
        "target": 0.315,
        "hold": 40,
        "position_size": 1.0
      },
      "timeframe_optimized": {
        "stop": -0.11200000000000002,
        "target": 0.44000000000000006,
        "hold": 65,
        "position_size": 1.0
      }
    },
    "neutral_volatile": {
      "consolidation_breakout": {
        "stop": -0.18,
        "target": 0.22400000000000003,
        "hold": 28,
        "position_size": 0.8
      },
      "technical_setup": {
        "stop": -0.135,
        "target": 0.21000000000000002,
        "hold": 24,
        "position_size": 0.8
      },
      "momentum_continuation": {
        "stop": -0.25350000000000006,
        "target": 0.252,
        "hold": 27,
        "position_size": 0.8
      },
      "timeframe_optimized": {
        "stop": -0.16800000000000004,
        "target": 0.3520000000000001,
        "hold": 45,
        "position_size": 0.8
      }
    },
    "bear_weak": {
      "consolidation_breakout": {
        "stop": -0.216,
        "target": 0.168,
        "hold": 20,
        "position_size": 0.6
      },
      "technical_setup": {
        "stop": -0.16200000000000003,
        "target": 0.1575,
        "hold": 17,
        "position_size": 0.6
      },
      "momentum_continuation": {
        "stop": -0.3042,
        "target": 0.189,
        "hold": 20,
        "position_size": 0.6
      },
      "timeframe_optimized": {
        "stop": -0.20160000000000003,
        "target": 0.264,
        "hold": 32,
        "position_size": 0.6
      }
    }
  },
  "feasibility_analysis": {
    "immediate": [
      "Stop loss widening in volatile markets (1.5-2.0x multipliers)",
      "Position sizing reduction during high volatility periods",
      "Hold period shortening for momentum patterns in neutral markets",
      "Profit target adjustments based on market regime detection"
    ],
    "gradual": [
      "Pattern-specific sensitivity adjustments",
      "Dynamic regime detection with SPY/VIX integration",
      "Multi-timeframe momentum confirmation",
      "Volume-weighted parameter scaling"
    ],
    "advanced": [
      "Real-time volatility clustering detection",
      "Sector-specific regime adjustments",
      "Options flow sentiment integration",
      "Machine learning parameter optimization"
    ],
    "research": [
      "Intraday regime switching models",
      "Cross-asset momentum correlation adjustments",
      "Alternative data sentiment scoring",
      "Quantum computing portfolio optimization"
    ]
  },
  "priority_recommendations": {
    "critical": [
      {
        "adjustment": "Stop Loss Scaling",
        "description": "Widen stops 50-100% in volatile markets",
        "impact": "Prevents premature exits, improves win rate",
        "implementation": "Multiply base stop by volatility factor",
        "confidence": "High - validated across all patterns"
      },
      {
        "adjustment": "Position Size Reduction",
        "description": "Reduce position sizes 20-50% in volatile conditions",
        "impact": "Risk management and capital preservation",
        "implementation": "VIX-based position scaling",
        "confidence": "High - standard risk management"
      }
    ],
    "important": [
      {
        "adjustment": "Momentum Threshold Adaptation",
        "description": "Lower momentum requirements 25-55% in neutral markets",
        "impact": "Maintains signal frequency in challenging conditions",
        "implementation": "Regime-based momentum scaling",
        "confidence": "Medium-High - proven in backtest"
      },
      {
        "adjustment": "Hold Period Optimization",
        "description": "Shorten holds 30-50% for momentum patterns in volatile markets",
        "impact": "Captures gains before reversals",
        "implementation": "Pattern-specific hold adjustments",
        "confidence": "Medium - requires further validation"
      }
    ],
    "beneficial": [
      {
        "adjustment": "Target Scaling",
        "description": "Reduce targets 20-40% in challenging regimes",
        "impact": "Improves win rate by taking profits earlier",
        "implementation": "Market regime-based target adjustment",
        "confidence": "Medium - conservative approach"
      }
    ]
  },
  "implementation_roadmap": {
    "phase_1": {
      "timeline": "1-2 weeks",
      "focus": "Core Parameter Adjustments",
      "tasks": [
        "Implement stop loss scaling (1.5-2.0x for volatile markets)",
        "Add position size reduction (VIX-based scaling)",
        "Deploy basic regime detection (SPY trend + volatility)",
        "Test on paper trading with 10-stock subset"
      ]
    },
    "phase_2": {
      "timeline": "3-4 weeks",
      "focus": "Pattern-Specific Optimization",
      "tasks": [
        "Deploy momentum threshold adjustments",
        "Implement hold period optimization",
        "Add pattern sensitivity multipliers",
        "Expand testing to 25-stock universe"
      ]
    },
    "phase_3": {
      "timeline": "5-8 weeks",
      "focus": "Advanced Regime Detection",
      "tasks": [
        "Integrate VIX-based regime classification",
        "Add sector-specific adjustments",
        "Implement dynamic parameter updates",
        "Full universe deployment with monitoring"
      ]
    },
    "phase_4": {
      "timeline": "9-12 weeks",
      "focus": "Machine Learning Enhancement",
      "tasks": [
        "Deploy ML-based regime prediction",
        "Add alternative data integration",
        "Implement real-time parameter optimization",
        "Performance analytics and continuous improvement"
      ]
    }
  }
}